Quarter,Product_A,Product_B,Product_C,Product_D,Total_Sales
1,86.66666666666667,52.666666666666664,37.0,30.0,619
2,67.0,68.66666666666667,34.0,18.666666666666668,565
3,74.33333333333333,68.33333333333333,45.333333333333336,37.0,675
4,66.0,70.0,28.666666666666668,31.666666666666668,589
